Legal Business Name,Organization_Name,Total # of Geriatric Patients,Geriatric patient rate, # of diabetes patients receiving appropriate care,Total # of Diabetes Patients,Diabetes Rate,Total # of AAB patients receiving appropriate care,Total # of AAB patients,AAB Rate (Higher is better),City,Zip Code,Provider Business Address,NPI,Facility Type,Year,Intermountain Facility,Intermountain rating,Intermountain Board Member Count,IHC Pediatric,,,, 
,,,,,,,,,,,,,,,,,,,,,,,
,,,,,,,,,,,,,,,,,,,,,,,
,,,,,,,,,,,,,,,,,,,,,,,
,,,,,,,,,,,,,,,,,,,,,,,
,,,,,,,,,,,,,,,,,,,,,,,
,,,,,,,,,,,,,,,,,,,,,,,
,,,,,,,,,,,,,,,,,,,,,,,
,,,,,,,,,,,,,,,,,,,,,,,
,,,,,,,,,,,,,,,,,,,,,,,
,,,,,,,,,,,,,,,,,,,,,,,
,,,,,,,,,,,,,,,,,,,,,,,
,,,,,,,,,,,,,,,,,,,,,,,
,,,,,,,,,,,,,,,,,,,,,,,
WASATCH MEDICAL CENTER,,,,29,37,78.38,,,,OREM,84058,"575 S STATE ST
OREM, UT 84058
(40.286427, -111.69029)",1053360917,Medical,2014,FALSE,,,,,,,
IHC HEALTH SERVICES INC,INTERMOUNTAIN SEVIER VALLEY CLINIC,,,2,2,100,,,,RICHFIELD,84701,"70 E 1100 N
RICHFIELD, UT 84701",1396872073,Medical,2014,TRUE,3,44,TRUE,,,,
"KELSON PHYSICIAN PARTNERS OF LAYTON, INC.",WEE CARE PEDIATRICS,,,0,1,0,,,,LAYTON,84041,"934 S MAIN ST
LAYTON, UT 84041
(41.046729, -111.953705)",1023227725,Medical,2014,FALSE,,,,,,,
INTEGRATED FUNCTIONAL MEDICINE,,,,2,2,100,,,,BOUNTIFUL,84010,"458 N 500 W
BOUNTIFUL, UT 84010
(40.894554, -111.892239)",1629407697,Medical,2014,FALSE,,,,,,,
OLYMPUS CLINIC,,,,61,63,96.83,14,37,37.84,SALT LAKE CITY,84117,"4624 HOLLADAY BLVD
SALT LAKE CITY, UT 84117
(40.670085, -111.826065)",1508810508,Medical,2014,FALSE,,,,,,,
MEDICAL ARTS CENTER CLINIC,,,,91,97,93.81,25,54,46.3,BRIGHAM CITY,84302,"984 MEDICAL DR STE 1
BRIGHAM CITY, UT 84302
(41.490157, -112.025218)",1649375270,Medical,,FALSE,,,,,,,
UNIVERSITY OF UTAH STUDENT HEALTH CENTER,,,,1,1,100,,,,SALT LAKE CITY,84112,"555 FOOTHILL DR # DR1
SALT LAKE CITY, UT 84112
(40.757659, -111.836457)",1881001378,Medical,2014,FALSE,,,,,,,
IHC HEALTH SERVICES INC,INTERNAL MEDICINE ASSOCIATES,,,73,78,93.59,1,1,100,SANDY,84094,"9844 S 1300 E
SANDY, UT 84094
(40.572609, -111.853181)",1578697470,Medical,2014,TRUE,2,59,FALSE,,,,
U-U RHEUMATOLOGY DIVISION,,,,13,15,86.67,,,,SALT LAKE CITY,84132,"50 N MEDICAL DR
SALT LAKE CITY, UT 84132
(40.772984, -111.83672)",1336236587,Medical,2014,FALSE,,,,,,,
IHC HEALTH SERVICES INC,LDSH PHYSICIANS BILLING,,,3,3,100,,,,SALT LAKE CITY,84143,"8TH AVE & C ST
SALT LAKE CITY, UT 84143",1366567588,Medical,2014,TRUE,1,59,TRUE,,,,
U-U NONINVASIVE VASCULAR LAB,,,,2,2,100,,,,SALT LAKE CITY,84132,"50 N MEDICAL DR
SALT LAKE CITY, UT 84132
(40.772984, -111.83672)",1134172042,Medical,2014,FALSE,,,,,,,
COPE FAMILY MEDICINE LC,,,,109,132,82.58,29,49,59.18,BOUNTIFUL,84010,"620 MEDICAL DR
BOUNTIFUL, UT 84010
(40.887001, -111.869043)",1548360217,Medical,2014,FALSE,,,,,,,
PALLIATIVE CARE DEPARTMENT OF UNIVERSITY OF UTAH,,,,1,2,50,,,,SALT LAKE CITY,84132,"50 N MEDICAL DR
SALT LAKE CITY, UT 84132
(40.772984, -111.83672)",1336169887,Medical,2014,FALSE,,,,,,,
"FOOTHILL CLINIC, LLC",FOOTHILL FAMILY CLINIC,,,344,385,89.35,38,148,25.68,SALT LAKE CITY,84121,"6360 S 3000 E
SALT LAKE CITY, UT 84121
(40.633795, -111.806269)",1265513964,Medical,2014,FALSE,,,,,,,
IHC HEALTH SERVICES INC,IMED PHYSICIANS BILLING,,,54,59,91.53,,,,MURRAY,84107,"5121 COTTONWOOD ST
MURRAY, UT 84107
(40.659921, -111.893853)",1629260880,Medical,2014,TRUE,1,57,FALSE,,,,
"UTAH NAVAJO HEALTH SYSTEM, INCORPORATED",,,,1,1,100,2,2,100,BLANDING,84511,"802 SOUTH 200 WEST
BLANDING, UT 84511
(37.614492, -109.481503)",1457489486,Medical,2014,FALSE,,,,,,,
OGDEN CLINIC,,,,723,788,91.75,28,152,18.42,OGDEN,84403,"4650 HARRISON BLVD
OGDEN, UT 84403
(41.178759, -111.949211)",1578550083,Medical,2014,FALSE,,,,,,,
IHC HEALTH SERVICES INC,SOUTHRIDGE CLINIC,,,34,36,94.44,,,,RIVERTON,84065,"3723 W 12600 S
RIVERTON, UT 84065
(40.522234, -111.979338)",1659401537,Medical,2014,TRUE,4,46,FALSE,,,,
UNIVERSITY OF UTAH PEDIATRIC CARDIOLOGY ELECTROPHYSIOLOGY SVCS,,,,2,2,100,,,,SALT LAKE CITY,84113,"100 MARIO CAPECCHI DR
SALT LAKE CITY, UT 84113
(40.770581, -111.839608)",1770841785,Medical,2014,FALSE,,,,,,,
IHC HEALTH SERVICES INC,BUDGE CLINIC,,,99,100,99,6,9,66.67,LOGAN,84341,"1350 N 500 E
LOGAN, UT 84341
(41.756907, -111.821244)",1912023300,Medical,2014,TRUE,2,46,FALSE,,,,
GRANGER MEDICAL CLINIC INC,GRANGER MEDICAL RIVERTON,,,60,64,93.75,5,7,71.43,RIVERTON,84096,"12391 S 4000 W
RIVERTON, UT 84096
(40.526062, -111.986181)",1881797876,Medical,2014,FALSE,,,,,,,
"BEAVER MEDICAL, LLC",BEAVER MEDICAL CLINIC,,,5,5,100,4,7,57.14,BEAVER,84713,"1059 N 100 W
BEAVER, UT 84713
(38.286183, -112.643088)",1770570202,Medical,2014,FALSE,,,,,,,
RIVERTON FAMILY HEALTH CENTER LLC,,,,76,79,96.2,22,49,44.9,RIVERTON,84065,"1756 PARK AVE
RIVERTON, UT 84065
(40.519053, -111.940493)",1932285186,Medical,,FALSE,,,,,,,
U U CARDIOLOGY DIVISION SCHOOL OF MEDICINE,,,,113,127,88.98,,,,SALT LAKE CITY,84132,"50 N MEDICAL DR
SALT LAKE CITY, UT 84132
(40.772984, -111.83672)",1952330813,Medical,2014,FALSE,,,,,,,
IHC HEALTH SERVICES INC,INTERMOUNTAIN AVENUES WOMEN'S CENTER,,,1,1,100,,,,SALT LAKE CITY,84103,"370 9TH AVE
SALT LAKE CITY, UT 84103
(40.779644, -111.878004)",1659701670,Medical,2014,TRUE,2,47,FALSE,,,,
CIRCLE OF LIFE INC,CIRCLE OF LIFE WOMEN CENTER,,,1,1,100,,,,SOUTH OGDEN,84405,"1525 EAST 6000 SOUTH
SOUTH OGDEN, UT 84405
(41.153958, -111.940566)",1548284078,Medical,2014,FALSE,,,,,,,
"IHC HEALTH SERVICES, INC.",MCKAY DEE HOSPITAL PHYSICIANS GROUP,,,1,1,100,,,,OGDEN,84403,"4401 HARRISON BLVD
OGDEN, UT 84403
(41.182779, -111.949117)",1811917057,Medical,2014,TRUE,3,38,FALSE,,,,
TREEHOUSE PEDIATRICS & FAMILY CARE LLC,,,,0,2,0,,,,LOGAN,84341,"1325 N 600 E
LOGAN, UT 84341
(41.755919, -111.819105)",1952599409,Medical,2014,FALSE,,,,,,,
PEDIATRIC CARDIOLOGY DEPARTMENT OF UNIVERSITY OF UTAH,,,,5,6,83.33,,,,SALT LAKE CITY,84113,"100 MARIO CAPECCHI DR
SALT LAKE CITY, UT 84113
(40.770581, -111.839608)",1114096195,Medical,2014,FALSE,,,,,,,
"SHANE D GAGON MD, PC",CASTLE COUNTRY FAMILY MEDICINE,,,24,26,92.31,15,33,45.45,PRICE,84501,"377 NO. FAIRGROUNDS RD.
PRICE, UT 84501
(39.606161, -110.834586)",1982815064,Medical,2014,FALSE,,,,,,,
PREMIER FAMILY MEDICAL,,,,5,7,71.43,,,,SARATOGA SPRINGS,84045,"76 E COMMERCE DR
SARATOGA SPRINGS, UT 84045
(40.390946, -111.915136)",1477997450,Medical,2014,FALSE,,,,,,,
IHC HEALTH SERVICES INC,MCKAY PHYSICIANS BILLING,,,14,16,87.5,1,1,100,OGDEN,84403,"4403 HARRISON BLVD
OGDEN, UT 84403
(41.182761, -111.949117)",1831213180,Medical,2014,TRUE,3,49,TRUE,,,,
"GRANGER MEDICAL CLINIC, PC",GRANGER MEDICAL CLINIC - WASATCH,,,251,265,94.72,9,29,31.03,SALT LAKE CITY,84124,"1160 E 3900 S
SALT LAKE CITY, UT 84124
(40.687063, -111.856936)",1629163746,Medical,2014,FALSE,,,,,,,
IHC HEALTH SERVICES,MEDICAL TOWER FAMILY PRACTICE,,,36,40,90,5,8,62.5,MURRAY,84107,"5770 S 250 E
MURRAY, UT 84107
(40.644882, -111.883677)",1396870333,Medical,2014,TRUE,2,40,TRUE,,,,
"MOUNTAINLANDS COMMUNITY HEALTH CENTER, INC",,,,19,21,90.48,4,10,40,PROVO,84606,"589 S STATE ST
PROVO, UT 84606
(40.226048, -111.643709)",1427075134,Medical,2014,FALSE,,,,,,,
IHC HEALTH SERVICES INC.,DIXIE REGIONAL HOSPITAL PHYSICIANS GROUP,,,18,23,78.26,,,,ST GEORGE,84790,"1380 E MEDICAL CENTER DR
ST GEORGE, UT 84790
(37.09985, -113.55333)",1437169497,Medical,2014,TRUE,2,43,FALSE,,,,
UNIVERSITY OF UTAH GENERAL PEDIATRICS,,,,1,1,100,,,,SALT LAKE CITY,84113,"100 N MEDICAL DR
SALT LAKE CITY, UT 84113
(40.77154, -111.840463)",1023051166,Medical,2014,FALSE,,,,,,,
"ALPINE PEDIATRICS, PC",,,,9,9,100,,,,PLEASANT GROVE,84062,"1912 W 930 N
PLEASANT GROVE, UT 84062
(40.373713, -111.758375)",1912939786,Medical,2014,FALSE,,,,,,,
IHC HEALTH SERVICES INC,HOLLADAY CLINIC,,,28,29,96.55,3,4,75,MURRAY,84121,"6272 HIGHLAND DR
MURRAY, UT 84121
(40.637581, -111.834364)",1487780177,Medical,2014,TRUE,4,23,FALSE,,,,
CENTRAL UTAH CLINIC PC,ST GEORGE CLINIC,,,114,121,94.21,3,17,17.65,ST GEORGE,84790,"736 S 900 E STE 203
ST GEORGE, UT 84790
(37.095584, -113.564258)",1295829281,Medical,2014,FALSE,,,,,,,
IHC HEALTH SERVICES INC,ALTA VIEW SENIOR CLINIC,,,2,3,66.67,,,,SANDY,84094,"9720 S 1300 E
SANDY, UT 84094
(40.574493, -111.853189)",1508145111,Medical,2014,TRUE,3,50,FALSE,,,,
PEDIATRIC BEHAVIORAL HEALTH,,,,1,1,100,,,,SALT LAKE CITY,84113,"100 N MEDICAL DR
SALT LAKE CITY, UT 84113
(40.77154, -111.840463)",1942476569,Medical,2014,FALSE,,,,,,,
"ST MARK'S PROFESSIONAL SERVICES, LLC",,,,24,28,85.71,,,,SALT LAKE CITY,84124,"1200 E 3900 S
SALT LAKE CITY, UT 84124
(40.687062, -111.857446)",1912925629,Medical,2014,FALSE,,,,,,,
"FOOTHILL CLINIC, LLC",FOOTHILL FAMILY CLINIC,,,159,179,88.83,21,74,28.38,SALT LAKE CITY,84109,"2295 FOOTHILL DR
SALT LAKE CITY, UT 84109
(40.7213, -111.811675)",1407947005,Medical,2014,FALSE,,,,,,,
SAN JUAN COUNTY HOSPITAL,SAN JUAN CLINIC,,,5,7,71.43,4,6,66.67,MONTICELLO,84535,"380 W 100 N
MONTICELLO, UT 84535
(37.87388, -109.349571)",1659315877,Medical,2014,FALSE,,,,,,,
WAYNE COMMUNITY HEALTH CENTERS INC,,,,2,2,100,1,2,50,BICKNELL,84715,"128 S 300 W
BICKNELL, UT 84715",1093816282,Medical,2014,FALSE,,,,,,,
EXODUS HEALTHCARE NETWORK PLLC,THE MAGNA CENTER FOR FAMILY MEDICINE,,,163,171,95.32,27,93,29.03,MAGNA,84044,"3665 S 8400 W
MAGNA, UT 84044
(40.693032, -112.091813)",1306952783,Medical,2014,FALSE,,,,,,,
UNIVERSITY OF UTAH DEPT OF OBGYN UROGYNECOLOGY,,,,3,3,100,,,,SALT LAKE CITY,84132,"50 N MEDICAL DR
SALT LAKE CITY, UT 84132
(40.772984, -111.83672)",1215061593,Medical,2014,FALSE,,,,,,,
IHC HEALTH SERVICES INC,BOUNTIFUL CLINIC,,,271,284,95.42,2,2,100,BOUNTIFUL,84010,"390 N MAIN ST
BOUNTIFUL, UT 84010
(40.893513, -111.880685)",1588799654,Medical,,TRUE,4,45,TRUE,,,,
IHC HEALTH SERVICES INC,INTERMOUNTAIN SENIOR CLINIC,,,3,3,100,,,,MURRAY,84107,"5770 S 250 E
MURRAY, UT 84107
(40.644882, -111.883677)",1245519859,Medical,2014,TRUE,3,36,TRUE,,,,
IHC HEALTH SERVICES INC,SALT LAKE CLINIC,,,205,217,94.47,25,27,92.59,SALT LAKE CITY,84102,"333 S 900 E
SALT LAKE CITY, UT 84102
(40.762103, -111.865338)",1629107305,Medical,2014,TRUE,5,25,FALSE,,,,
IHC HEALTH SERVICES INC,INTERMOUNTAIN RICHFIELD FAMILY PRACTICE,,,21,22,95.45,,,,RICHFIELD,84701,"460 N MAIN ST
RICHFIELD, UT 84701
(38.774551, -112.084769)",1265576326,Medical,2014,TRUE,3,20,FALSE,,,,
UNIVERSITY OF UTAH HOSPITALS AND CLINICS,,,,618,666,92.79,80,305,26.23,SALT LAKE CITY,84119,"1525 W 2100 S
SALT LAKE CITY, UT 84119
(40.725903, -111.932731)",1982642252,Medical,2014,FALSE,,,,,,,
"LAKEVIEW INTERNAL MEDICINE, LLC",LAKEVIEW INTERNAL MEDICINE AND SURGERY,,,21,29,72.41,2,2,100,BOUNTIFUL,84010,"520 MEDICAL DR
BOUNTIFUL, UT 84010
(40.887314, -111.870919)",1518293323,Medical,2014,FALSE,,,,,,,
COMMUNITY HEALTH CENTERS INC.,OQUIRRH VIEW,,,1,1,100,,,,SALT LAKE CITY,84118,"4745 S 3200 W
SALT LAKE CITY, UT 84118
(40.66654, -111.967464)",1801992953,Medical,2014,FALSE,,,,,,,
IHC HEALTH SERVICES INC,INTERMOUNTAIN NORTH OREM CLINIC,,,35,37,94.59,1,1,100,OREM,84057,"1975 N STATE ST
OREM, UT 84057
(40.33245, -111.71246)",1942336649,Medical,2014,TRUE,1,31,FALSE,,,,
UNIVERSITY OF UTAH SURGICAL ASSOCIATES,,,,15,16,93.75,,,,SALT LAKE CITY,84132,"50 N MEDICAL DR
SALT LAKE CITY, UT 84132
(40.772984, -111.83672)",1831108166,Medical,2014,FALSE,,,,,,,
BMT DIVISION DEPARTMENT OF UNIVERSITY OF UTAH,,,,3,4,75,,,,SALT LAKE CITY,84112,"1950 CIRCLE OF HOPE DR
SALT LAKE CITY, UT 84112",1023251568,Medical,2014,FALSE,,,,,,,
UNIVERSITY OF UTAH OB CARE NOW,WOMEN'S AND CHILDREN'S SPECIALTY SERVICES,,,3,3,100,,,,SALT LAKE CITY,84132,"50 N MEDICAL DR
SALT LAKE CITY, UT 84132
(40.772984, -111.83672)",1104870807,Medical,2014,FALSE,,,,,,,
IHC HEALTH SERVICES INC,PARK CITY CLINIC-ROUND VALLEY,,,15,17,88.24,1,5,20,PARK CITY,84060,"750 ROUND VALLEY DR
PARK CITY, UT 84060
(40.686418, -111.466453)",1033474648,Medical,2014,TRUE,3,31,FALSE,,,,
GARFIELD COUNTY,GARFIELD HOSPITAL PHYSICIANS GROUP,,,5,5,100,,,,PANGUITCH,84759,"200 N 400 E
PANGUITCH, UT 84759
(37.826623, -112.427899)",1356350219,Medical,2014,FALSE,,,,,,,
PEDIATRIC ENDOCRINOLOGY DEPARTMENT OF UNIVERSITY OF UTAH,,,,1,1,100,,,,SALT LAKE CITY,84113,"100 N MEDICAL DR
SALT LAKE CITY, UT 84113
(40.77154, -111.840463)",1285703678,Medical,2014,FALSE,,,,,,,
"ADVANCED PULMONARY, SLEEP DISORDER AND INTERNAL MEDICINE,LLC",,,,6,7,85.71,,,,ST GEORGE,84770,"640 E 700 S
ST GEORGE, UT 84770
(37.096261, -113.568244)",1619192861,Medical,2014,FALSE,,,,,,,
IHC HEALTH SERVICES INC,INTERMOUNTAIN CANYON VIEW CLINIC,,,2,2,100,,,,PAROWAN,84761,"15 E 400 N
PAROWAN, UT 84761
(37.848946, -112.827426)",1447380589,Medical,2014,TRUE,2,58,FALSE,,,,
"HUNTER MEDICAL CENTER, INC",JORDAN MEADOWS MEDICAL CENTER,,,126,127,99.21,6,25,24,WEST VALLEY,84128,"3534 S 6000 W
WEST VALLEY, UT 84128
(40.695721, -112.034424)",1194860569,Medical,2014,FALSE,,,,,,,
GRANGER MEDICAL CLINIC INC,,,,696,744,93.55,53,193,27.46,WEST VALLEY,84120,"3725 W 4100 S
WEST VALLEY, UT 84120
(40.682036, -111.980047)",1184657041,Medical,2014,FALSE,,,,,,,
IHC HEALTH SERVICES INC,HILLCREST PEDIATRICS,,,1,1,100,,,,MURRAY,84107,"5063 COTTONWOOD ST
MURRAY, UT 84107
(40.661625, -111.893336)",1659569358,Medical,2014,TRUE,2,40,TRUE,,,,
U-U GASTROENTEROLOGY DIVISION,,,,42,45,93.33,,,,SALT LAKE CITY,84132,"50 N MEDICAL DR
SALT LAKE CITY, UT 84132
(40.772984, -111.83672)",1558394775,Medical,2014,FALSE,,,,,,,
IHC HEALTH SERVICES INC,BUDGE CLINIC OBSTETRICS AND GYNECOLOGY,,,1,1,100,7,10,70,LOGAN,84341,"1400 N 500 E
LOGAN, UT 84341
(41.756298, -111.820337)",1013045384,Medical,2014,TRUE,3,48,TRUE,,,,
"WASATCH PEDIATRICS, INC",,,,20,23,86.96,,,,SALT LAKE CITY,84121,"7138 S 2000 EAST
SALT LAKE CITY, UT 84121
(40.62132, -111.834284)",1124102595,Medical,2014,FALSE,,,,,,,
IHC HEALTH SERVICES INC,BEAR RIVER FAMILY MEDICINE,,,42,44,95.45,4,11,36.36,TREMONTON,84337,"420 W 600 N
TREMONTON, UT 84337
(41.718794, -112.172974)",1487853826,Medical,2014,TRUE,1,36,TRUE,,,,
PHYSICIANS TREATMENT GROUP,,,,1,1,100,,,,MURRAY,84107,"4883 BOX ELDER ST
MURRAY, UT 84107
(40.66519, -111.892203)",1932406295,Medical,2014,FALSE,,,,,,,
"GRANGER MEDICAL CLINIC, INC.",GRANGER MEDICAL DRAPER,,,26,28,92.86,1,1,100,DRAPER,84020,"11724 SOUTH STATE ST.
DRAPER, UT 84020
(40.538455, -111.89138)",1174968051,Medical,2014,FALSE,,,,,,,
IHC HEALTH SERVICES INC,INTERMOUNTAIN HIGHLAND CLINIC,,,59,68,86.76,2,3,66.67,HIGHLAND,84003,"10968 N ALPINE HWY
HIGHLAND, UT 84003
(40.430793, -111.785284)",1083742589,Medical,2014,TRUE,1,58,FALSE,,,,
"PACIFIC DRIVE MEDICAL CENTER, INC.",UTAH PAIN TREATMENT CENTER,,,1,1,100,,,,AMERICAN FORK,84003,"999 E PACIFIC DRIVE
AMERICAN FORK, UT 84003
(40.370878, -111.770836)",1023253739,Medical,2014,FALSE,,,,,,,
IHC HEALTH SERVICES INC,INTERMOUNTAIN MANTI CLINIC,,,17,18,94.44,,,,MANTI,84642,"159 N MAIN ST
MANTI, UT 84642
(39.267771, -111.637014)",1356485411,Medical,2014,TRUE,1,27,TRUE,,,,
IHC HEALTH SERVICES INC,INTERMOUNTAIN SUNSET FAMILY MEDICINE,,,32,33,96.97,1,7,14.29,ST. GEORGE,84770,"1739 W SUNSET BLVD
ST. GEORGE, UT 84770
(37.122705, -113.620573)",1942408422,Medical,2014,TRUE,1,26,TRUE,,,,
ROCKY MOUNTAIN FAMILY PRACTICE,,,,11,11,100,4,13,30.77,SALT LAKE CITY,84121,"1950 FORT UNION BLVD
SALT LAKE CITY, UT 84121
(40.624341, -111.835691)",1467527739,Medical,2014,FALSE,,,,,,,
"CENTERVILLE MEDICAL CENTER, INC.",,,,1,1,100,,,,CENTERVILLE,84014,"174 W PARRISH LN
CENTERVILLE, UT 84014
(40.921491, -111.881645)",1588803415,Medical,2014,FALSE,,,,,,,
"MOUNTAINSTAR MEDICAL GROUP- CACHE VALLEY, LLC",MOUNTAINSTAR CACHE VALLEY MEDICAL GROUP,,,9,10,90,,,,NORTH LOGAN,84341,"2380 N 400 E
NORTH LOGAN, UT 84341
(41.775714, -111.823092)",1144475674,Medical,2014,FALSE,,,,,,,
"SNOW CANYON CLINIC, INC.",,,,19,23,82.61,1,4,25,IVINS,84738,"272 E CENTER ST
IVINS, UT 84738
(37.168387, -113.67294)",1235185646,Medical,2014,FALSE,,,,,,,
"COMMUNITY HEALTH CENTERS, INC",,,,112,114,98.25,7,11,63.64,MIDVALE,84047,"220 W 7200 S
MIDVALE, UT 84047
(40.620659, -111.898165)",1952505117,Medical,2014,FALSE,,,,,,,
OGDEN INTERNAL MEDICINE & UROLOGY LLC,,,,85,97,87.63,,,,OGDEN,84405,"5405 S 500 E
OGDEN, UT 84405
(41.165847, -111.968565)",1003001553,Medical,2014,FALSE,,,,,,,
UTAH VALLEY URGENT CARE PLLC,,,,10,12,83.33,2,5,40,LEHI,84043,"127 E MAIN ST
LEHI, UT 84043
(40.387957, -111.846238)",1437488319,Medical,2014,FALSE,,,,,,,
IHC HEALTH SERVICES INC,MORONI CLINIC,,,8,8,100,,,,MORONI,84646,"51 EAST MAIN STREET
MORONI, UT 84646
(39.524914, -111.582914)",1225266901,Medical,2014,TRUE,4,34,FALSE,,,,
IHC HEALTH SERVICES INC,TAYLORSVILLE CLINIC,,,104,111,93.69,16,27,59.26,TAYLORSVILLE,84118,"3845 W 4700 S
TAYLORSVILLE, UT 84118
(40.667474, -111.982717)",1043340359,Medical,2014,TRUE,1,21,FALSE,,,,
MIDTOWN COMMUNITY HEALTH CENTER INC,,,,31,32,96.88,5,7,71.43,OGDEN,84401,"2240 ADAMS AVE
OGDEN, UT 84401
(41.225968, -111.967542)",1548267420,Medical,2014,FALSE,,,,,,,
"VALLEY OBSTETRICS AND GYNECOLOGY, PC","SOUTHERN UTAH WOMEN'S HEALTH CENTER, PC",,,1,1,100,,,,ST GEORGE,84770,"515 S 300 E STE 206
ST GEORGE, UT 84770
(37.09937, -113.576972)",1568478170,Medical,2014,FALSE,,,,,,,
"HOBBLE CREEK MEDICAL CLINIC, LLC",,,,9,11,81.82,3,3,100,SPRINGVILLE,84663,"672 W. 400 S.
SPRINGVILLE, UT 84663
(40.161213, -111.621011)",1013240845,Medical,2014,FALSE,,,,,,,
JORDAN LANDING CLINIC LLC,,,,3,3,100,0,3,0,WEST JORDAN,84084,"7478 CAMPUS VIEW DR
WEST JORDAN, UT 84084
(40.615524, -111.984199)",1962606657,Medical,2014,FALSE,,,,,,,
IHC HEALTH SERVICES INC,COTTONWOOD INTERNAL MEDICINE,,,50,51,98.04,,,,MURRAY,84107,"5770 S 250 E
MURRAY, UT 84107
(40.644882, -111.883677)",1871623140,Medical,2014,TRUE,2,29,TRUE,,,,
EVOLUTIONARY HEALTHCARE LLC,,,,24,25,96,4,11,36.36,SALT LAKE CITY,84111,"461 E 200 S
SALT LAKE CITY, UT 84111
(40.76501, -111.877884)",1851349344,Medical,2014,FALSE,,,,,,,
"MOUNTAINSTAR MEDICAL GROUP-ST. MARKS HOSPITAL, LLC",ST. MARK'S MILLCREEK PRIMARY CARE,,,500,528,94.7,9,32,28.13,SALT LAKE CITY,84124,"4465 S 900 E
SALT LAKE CITY, UT 84124
(40.675545, -111.865541)",1073795258,Medical,2014,FALSE,,,,,,,
FAMILIES FIRST PEDIATRICS LLC,,,,1,1,100,,,,SOUTH JORDAN,84095,"1268 W SOUTH JORDAN PKWY
SOUTH JORDAN, UT 84095
(40.562191, -111.928034)",1194863589,Medical,2014,FALSE,,,,,,,
SOUTHWEST UTAH COMMUNITY HEALTH CENTER,FAMILY HEALTHCARE,,,27,31,87.1,4,7,57.14,ST GEORGE,84770,"25 N 100 E
ST GEORGE, UT 84770
(37.108648, -113.581194)",1659358687,Medical,2014,FALSE,,,,,,,
"BEAVER MEDICAL, LLC",BEAVER/MILFORD MEDICAL CLINIC,,,,,,0,1,0,MILFORD,84751,"850 N MAIN
MILFORD, UT 84751
(38.407308, -113.009543)",1336136969,Medical,2014,FALSE,,,,,,,
COMMUNITY HEALTH CENTERS INC.,CENTRAL CITY,,,3,6,50,1,1,100,SALT LAKE CITY,84111,"461 S 400 E
SALT LAKE CITY, UT 84111
(40.75966, -111.879644)",1144326208,Medical,2014,FALSE,,,,,,,
PEAK ENT ASSOCIATES,THYROID INSTITUTE OF UTAH,,,26,26,100,,,,PROVO,84604,"1055 N 300 W
PROVO, UT 84604
(40.247843, -111.664015)",1346489036,Medical,2014,FALSE,,,,,,,
"IHC HEALTH SERVICES, INC",UVRMC MERRILL GAPPMAYER,,,54,57,94.74,9,9,100,PROVO,84604,"475 W 940 N
PROVO, UT 84604
(40.246376, -111.666712)",1558404426,Medical,2014,TRUE,3,28,FALSE,,,,
U-U ENDOCRINOLOGY DIVISION,,,,174,179,97.21,,,,SALT LAKE CITY,84132,"50 N MEDICAL DR
SALT LAKE CITY, UT 84132
(40.772984, -111.83672)",1669405882,Medical,2014,FALSE,,,,,,,
IHC HEALTH SERVICES INC,SOUTH JORDAN CLINIC,,,31,35,88.57,12,12,100,SOUTH JORDAN,84095,"11444 S REDWOOD RD
SOUTH JORDAN, UT 84095
(40.542853, -111.938807)",1811032048,Medical,2014,TRUE,2,40,FALSE,,,,
UTAH PAIN & REHAB INC.,,,,18,22,81.82,,,,OGDEN,84404,"1276 WALL AVE
OGDEN, UT 84404
(41.243149, -111.9783)",1689788762,Medical,2014,FALSE,,,,,,,
"HUNTER MEDICAL CENTER, INC",JORDAN MEADOWS MEDICAL CENTER.,,,135,136,99.26,15,67,22.39,WEST JORDAN,84088,"3354 W 7800 S
WEST JORDAN, UT 84088
(40.609462, -111.971076)",1205957131,Medical,2014,FALSE,,,,,,,
IHC HEALTH SERVICES INC,SOUTH CACHE VALLEY CLINIC,,,28,28,100,2,3,66.67,LOGAN,84341,"550 E 1400 N STE X
LOGAN, UT 84341
(41.757441, -111.820964)",1982748737,Medical,2014,TRUE,1,51,FALSE,,,,
"ALPINE MEDICAL GROUP, LLC",,,,3,3,100,,,,SALT LAKE CITY,84102,"1060 E 100 S
SALT LAKE CITY, UT 84102
(40.767179, -111.860261)",1316040892,Medical,2014,FALSE,,,,,,,
IHC HEALTH SERVICES INC,ROSE PARK ELEMENTARY CLINIC,,,1,1,100,,,,SALT LAKE CITY,84116,"1105 W 1000 N
SALT LAKE CITY, UT 84116
(40.791056, -111.923704)",1386903185,Medical,2014,TRUE,2,41,FALSE,,,,
IHC HEALTH SERVICES INC,INTERMOUNTAIN NORTH CANYON FAMILY PRACTICE,,,101,108,93.52,48,56,85.71,PROVO,84604,"3200 N CANYON RD
PROVO, UT 84604
(40.275523, -111.651423)",1992831218,Medical,2014,TRUE,2,44,TRUE,,,,
IHC HEALTH SERVICES INC,INTERMOUNTAIN SPRINGVILLE CLINIC,,,35,38,92.11,,,,SPRINGVILLE,84663,"762 W 400 S
SPRINGVILLE, UT 84663
(40.161198, -111.62553)",1629104542,Medical,2014,TRUE,1,40,TRUE,,,,
IHC HEALTH SERVICES INC,HEREFORDSHIRE CLINIC,,,55,61,90.16,9,13,69.23,ROY,84067,"1915 W 5950 S
ROY, UT 84067
(41.155796, -112.026768)",1053441873,Medical,2014,TRUE,2,32,TRUE,,,,
COMMUNITY HEALTH CENTERS INC,STEPHEN D. RATCLIFFE,,,3,3,100,,,,SALT LAKE CITY,84116,"1365 W 1000 N
SALT LAKE CITY, UT 84116
(40.791052, -111.930667)",1538267828,Medical,2014,FALSE,,,,,,,
ALPINE MEDICAL GROUP,ALPINE INTERNAL MEDICINE,,,49,67,73.13,4,8,50,SALT LAKE CITY,84102,"1060 E 100 S
SALT LAKE CITY, UT 84102
(40.767179, -111.860261)",1740216860,Medical,2014,FALSE,,,,,,,
MIDTOWN COMMUNITY HEALTH CENTER INC,,,,4,5,80,,,,CLEARFIELD,84015,"22 S STATE STREET
CLEARFIELD, UT 84015
(41.113466, -112.025587)",1467644740,Medical,2014,FALSE,,,,,,,
IHC HEALTH SERVICES INC,LOGAN CLINIC,,,37,38,97.37,5,6,83.33,LOGAN,84321,"412 N 200 E
LOGAN, UT 84321
(41.739317, -111.829569)",1376688416,Medical,2014,TRUE,3,59,FALSE,,,,
PREMIER FAMILY MEDICAL,,,,277,296,93.58,95,169,56.21,AMERICAN FORK,84003,"226 N 100 E
AMERICAN FORK, UT 84003
(40.38158, -111.795854)",1922442904,Medical,2014,FALSE,,,,,,,
CONFEDERATED TRIBES OF THE GOSHUTE RESERVATION,GOSHUTE HEALTH CLINIC,,,0,2,0,3,8,37.5,IBAPAH,84034,"195 TRIBAL CENTER RD
IBAPAH, UT 84034
(39.994562, -113.978525)",1750510277,Medical,2014,FALSE,,,,,,,
IHC HEALTH SERVICES INC,INTERMOUNTAIN HURRICANE VALLEY CLINIC,,,34,40,85,,,,HURRICANE,84737,"75 N 2260 W
HURRICANE, UT 84737
(37.178409, -113.329506)",1386789477,Medical,2014,TRUE,5,52,TRUE,,,,
IHC HEALTH SERVICES INC,NEIGHBORHOOD CLINIC-SORENSON CENTER,,,4,4,100,,,,SALT LAKE CITY,84104,"855 CALIFORNIA AVE
SALT LAKE CITY, UT 84104
(40.740974, -111.915168)",1922367721,Medical,,TRUE,1,44,TRUE,,,,
SALT LAKE CITY VAMC,SOUTH OGDEN VA CLINIC,,,5,5,100,,,,SOUTH OGDEN,84403,"982 CHAMBERS ST
SOUTH OGDEN, UT 84403
(41.164767, -111.952989)",1407894868,Medical,2014,FALSE,,,,,,,
WAYNE COMMUNITY HEALTH CENTERS INC,KAZAN IVAN W MEMORIAL CLINIC,,,,,,2,2,100,ESCALANTE,84726,"570 E MOQUI LN
ESCALANTE, UT 84726",1568886000,Medical,2014,FALSE,,,,,,,
TOOELE CLINIC CORP,,,,46,51,90.2,2,8,25,TOOELE,84074,"196 E 2000 N
TOOELE, UT 84074
(40.565653, -112.293511)",1073512364,Medical,2014,FALSE,,,,,,,
IHC HEALTH SERVICES INC,MOUNTAIN VIEW PEDIATRICS KIDSCARE,,,1,1,100,,,,SANDY,84094,"9720 S 1300 E
SANDY, UT 84094
(40.574493, -111.853189)",1790816973,Medical,2014,TRUE,5,59,FALSE,,,,
UTAH PHYSICIANS CARE CENTERS PC,INTERNAL MEDICINE AT ST. MARKS HOSPITAL,,,263,273,96.34,,,,SALT LAKE CITY,84124,"1160 E 3900 S
SALT LAKE CITY, UT 84124
(40.687063, -111.856936)",1396761193,Medical,2014,FALSE,,,,,,,
CANYON VIEW MEDICAL GROUP,ART CITY FAMILY MEDICAL CENTER,,,5,5,100,,,,SPRINGVILLE,84663,"5 E 400 N
SPRINGVILLE, UT 84663
(40.172258, -111.610511)",1386702009,Medical,2014,FALSE,,,,,,,
"CARBON MEDICAL SERVICE ASSOCIATION, INCORPORATED",,,,1,1,100,,,,EAST CARBON,84520,"305 CENTER STREET
EAST CARBON, UT 84520
(39.5435, -110.416879)",1497717821,Medical,2014,FALSE,,,,,,,
IHC HEALTH SERVICES INC,SOUTH SANDY CLINIC,,,35,41,85.37,18,19,94.74,SANDY,84094,"955 E 11400 S
SANDY, UT 84094
(40.544257, -111.863937)",1992830103,Medical,2014,TRUE,5,42,TRUE,,,,
DIVISION OF NEPHROLOGY UNIVERSITY OF UTAH,,,,39,46,84.78,,,,SALT LAKE CITY,84132,"50 N MEDICAL DR
SALT LAKE CITY, UT 84132
(40.772984, -111.83672)",1659304889,Medical,2014,FALSE,,,,,,,
U FAMILY HEALTH BILLING UNIVERSITY OF UTAH,UNIVERSITY DEPARTMENT OF FAMILY AND PREVENTATIVE MEDICINE,,,124,139,89.21,21,44,47.73,SALT LAKE CITY,84112,"555 FOOTHILL DR
SALT LAKE CITY, UT 84112
(40.757659, -111.836457)",1528012770,Medical,2014,FALSE,,,,,,,
IHC HEALTH SERVICES INC,MOUNTAIN FAMILY HEALTH,,,4,4,100,,,,PARK CITY,84098,"2720 HOMESTEAD ROAD
PARK CITY, UT 84098
(40.755925, -111.567889)",1588074256,Medical,2014,TRUE,1,43,TRUE,,,,
PREMIER FAMILY MEDICAL,,,,74,77,96.1,21,30,70,LINDON,84042,"275 W 200 N
LINDON, UT 84042
(40.341912, -111.721921)",1427492305,Medical,2014,FALSE,,,,,,,
IHC HEALTH SERVICES INC,INTERMOUNTAIN RIVER ROAD FAMILY MEDICINE,,,180,201,89.55,12,28,42.86,ST GEORGE,84790,"577 S RIVER RD
ST GEORGE, UT 84790
(37.097053, -113.557159)",1417092883,Medical,2014,TRUE,2,50,FALSE,,,,
FUTURA MEDICAL CLINIC,,,,78,87,89.66,12,21,57.14,CLEARFIELD,84016,"BLDG H-11 FREEPORT CENTER
CLEARFIELD, UT 84016",1518250109,Medical,2014,FALSE,,,,,,,
COMMUNITY HEALTH CENTERS INC.,72ND STREET CLINIC,,,1,1,100,,,,MIDVALE,84047,"220 W 7200 S
MIDVALE, UT 84047
(40.620659, -111.898165)",1073611364,Medical,2014,FALSE,,,,,,,
"SOUTHWEST INTERNAL MEDICINE, P. C.",,,,64,67,95.52,0,1,0,ST GEORGE,84790,"736 S 900 E
ST GEORGE, UT 84790
(37.095584, -113.564258)",1043204118,Medical,2014,FALSE,,,,,,,
HEALTH CLINICS OF UTAH-SLC,UTAH DEPARTMENT OF HEALTH,,,22,23,95.65,0,2,0,SALT LAKE CITY,84116,"168 N 1950 W STE 201
SALT LAKE CITY, UT 84116
(40.773012, -111.947048)",1871654459,Medical,2014,FALSE,,,,,,,
HOLLADAY FAMILY PRACTICE,,,,107,122,87.7,8,68,11.76,SALT LAKE CITY,84117,"999 MURRAY HOLLADAY RD
SALT LAKE CITY, UT 84117
(40.665721, -111.862952)",1437255866,Medical,2014,FALSE,,,,,,,
IHC HEALTH SERVICES INC,KAYSVILLE CREEKSIDE CLINIC,,,10,10,100,,,,KAYSVILLE,84037,"435 N MAIN ST
KAYSVILLE, UT 84037
(41.041384, -111.945523)",1154747087,Medical,2014,TRUE,3,31,FALSE,,,,
WEST JORDAN MEDICAL CENTER PC,,,,18,23,78.26,0,6,0,WEST JORDAN,84088,"3570 W 9000 S STE 200
WEST JORDAN, UT 84088
(40.587957, -111.975103)",1487683462,Medical,2014,FALSE,,,,,,,
"IHC HEALTH SERVICES, INC",UTAH VALLEY REGIONAL MEDICAL CENTER PHYSICIAN GROUP,,,4,6,66.67,,,,PROVO,84604,"1034 N 500 W
PROVO, UT 84604
(40.247781, -111.667382)",1669422101,Medical,2014,TRUE,5,34,FALSE,,,,
"IHC HEALTH SERVICES, INC.",INTERMOUNTAIN MEDICAL CENTER PHYSICIANS GROUP,,,18,19,94.74,,,,MURRAY,84107,"5121 COTTONWOOD ST
MURRAY, UT 84107
(40.659921, -111.893853)",1629094008,Medical,2014,TRUE,4,36,TRUE,,,,
HEALTH CLINICS OF UTAH,,,,9,9,100,1,3,33.33,OGDEN,84401,"2540 WASHINGTON BLVD
OGDEN, UT 84401
(41.219824, -111.970501)",1225193584,Medical,2014,FALSE,,,,,,,
DEPARTMENT OF NEUROLOGY SCHOOL OF MEDICINE UNIVERSITY OF UTAH,,,,12,13,92.31,,,,SALT LAKE CITY,84132,"50 N MEDICAL DR
SALT LAKE CITY, UT 84132
(40.772984, -111.83672)",1326092511,Medical,2014,FALSE,,,,,,,
UTAH HEALTHCARE INSTITUTE INC,ST. MARK'S FAMILY MEDICINE,,,26,29,89.66,3,4,75,SALT LAKE CITY,84124,"1250 E 3900 S
SALT LAKE CITY, UT 84124
(40.687063, -111.85583)",1376597344,Medical,2014,FALSE,,,,,,,
MOUNTAIN WEST FAMILY PRACTICE LLC,,,,28,34,82.35,4,15,26.67,TOOELE,84074,"2356 N 400 E
TOOELE, UT 84074
(40.571559, -112.293601)",1770581605,Medical,2014,FALSE,,,,,,,
U-U PULMONARY DIVISION,,,,71,79,89.87,,,,SALT LAKE CITY,84132,"50 N MEDICAL DR
SALT LAKE CITY, UT 84132
(40.772984, -111.83672)",1003849241,Medical,2014,FALSE,,,,,,,
IHC HEALTH SERVICES INC,HOLLADAY PEDIATRICS,,,3,3,100,,,,SALT LAKE CITY,84117,"2180 E 4500 S
SALT LAKE CITY, UT 84117
(40.674222, -111.828594)",1396880522,Medical,2014,TRUE,5,50,TRUE,,,,
U U GENERAL MEDICINE DIVISION,,,,123,135,91.11,2,3,66.67,SALT LAKE CITY,84132,"50 N MEDICAL DR
SALT LAKE CITY, UT 84132
(40.772984, -111.83672)",1710910948,Medical,2014,FALSE,,,,,,,
IHC HEALTH SERVICES INC,INTERMOUNTAIN CEDAR CITY CLINIC,,,64,71,90.14,1,4,25,CEDAR CITY,84721,"1303 N MAIN ST
CEDAR CITY, UT 84721
(37.697475, -113.063533)",1922132828,Medical,2014,TRUE,3,38,FALSE,,,,
IHC HEALTH SERVICES INC,DRMC PHB BILLING,,,0,1,0,,,,ST GEORGE,84790,"1380 E MEDICAL CENTER DR
ST GEORGE, UT 84790
(37.09985, -113.55333)",1700901790,Medical,2014,TRUE,5,56,FALSE,,,,
UTAH VALLEY PEDIATRICS L.L.C.,,,,23,25,92,1,1,100,PROVO,84604,"1355 N UNIVERSITY AVE
PROVO, UT 84604
(40.251941, -111.658704)",1497812721,Medical,2014,FALSE,,,,,,,
IHC HEALTH SERVICES INC,PRIMARY CHILDREN'S HOSPITAL SPECIALTY CLINIC PHYSICIANS GROUP,,,105,112,93.75,1,4,25,SALT LAKE CITY,84113,"100 MARIO CAPECCHI DR
SALT LAKE CITY, UT 84113
(40.770581, -111.839608)",1003255464,Medical,2014,TRUE,2,41,TRUE,,,,
IHC HEALTH SERVICES INC,AVENUES SPECIALTY CLINIC,,,40,41,97.56,1,1,100,SALT LAKE CITY,84103,"324 10TH AVE
SALT LAKE CITY, UT 84103
(40.780769, -111.880078)",1689709859,Medical,2014,TRUE,2,50,FALSE,,,,
"MOUNTAINSTAR MEDICAL GROUP-OGDEN REGIONAL MEDICAL CENTER, LLC","MOUNTAINSTAR PRIMARY CARE, LLC",,,191,216,88.43,22,98,22.45,OGDEN,84405,"5405 S 500 E
OGDEN, UT 84405
(41.165847, -111.968565)",1356588008,Medical,2014,FALSE,,,,,,,
U-U HEMATOLOGY-ONCOLOGY DIVISION,,,,16,20,80,,,,SALT LAKE CITY,84132,"50 N MEDICAL DR
SALT LAKE CITY, UT 84132
(40.772984, -111.83672)",1811946619,Medical,2014,FALSE,,,,,,,
U-U INFECTIOUS DISEASE DIVISION,,,,14,16,87.5,,,,SALT LAKE CITY,84132,"50 N MEDICAL DR
SALT LAKE CITY, UT 84132
(40.772984, -111.83672)",1942233176,Medical,2014,FALSE,,,,,,,
PREMIER FAMILY MEDICAL,,,,166,183,90.71,41,64,64.06,PLEASANT GROVE,84062,"830 N 2000 W
PLEASANT GROVE, UT 84062
(40.370494, -111.769173)",1750725735,Medical,2014,FALSE,,,,,,,
IHC HEALTH SERVICES INC,KIDSCARE AT BOUNTIFUL,,,2,2,100,,,,BOUNTIFUL,84010,"390 N MAIN ST
BOUNTIFUL, UT 84010
(40.893513, -111.880685)",1750416947,Medical,2014,TRUE,2,44,FALSE,,,,
"CACHE VALLEY WOMENS CENTER, PLLC",,,,,,,2,3,66.67,LOGAN,84341,"1325 NORTH 600 E
LOGAN, UT 84341
(41.755919, -111.819105)",1922217850,Medical,2014,FALSE,,,,,,,
NORTHEASTERN UTAH MEDICAL GROUP,,,,49,59,83.05,5,15,33.33,ROOSEVELT,84066,"210 W 300 N 7-3
ROOSEVELT, UT 84066
(40.303402, -109.99597)",1982664199,Medical,2014,FALSE,,,,,,,
"KEVIN K. PARZYCH, MD LLC",,,,,,,0,1,0,SALT LAKE CITY,84124,"1151 E 3900 S
SALT LAKE CITY, UT 84124
(40.687061, -111.857885)",1386839579,Medical,2014,FALSE,,,,,,,
CANYON VIEW MEDICAL GROUP,SPANISH FORK CLINIC,,,45,45,100,5,5,100,SPANISH FORK,84660,"325 W CENTER ST
SPANISH FORK, UT 84660
(40.109868, -111.66038)",1538194477,Medical,2014,FALSE,,,,,,,
WASATCH PEAK FAMILY PRACTICE INC,,,,32,33,96.97,9,25,36,LAYTON,84041,"1580 W ANTELOPE DR
LAYTON, UT 84041
(41.089254, -111.994523)",1790998359,Medical,2014,FALSE,,,,,,,
IHC HEALTH SERVICES INC,WEST JORDAN CLINIC,,,51,54,94.44,25,27,92.59,WEST JORDAN,84088,"2655 W 9000 S
WEST JORDAN, UT 84088
(40.587756, -111.956592)",1164557641,Medical,2014,TRUE,5,33,TRUE,,,,
"ASSOCIATES FOR INPATIENT MEDICINE, LLC",,,,152,181,83.98,,,,SALT LAKE CITY,84102,"144 S 500 E
SALT LAKE CITY, UT 84102
(40.766006, -111.876779)",1750488433,Medical,2014,FALSE,,,,,,,
UTAH CANCER SPECIALISTS PC,,,,20,27,74.07,,,,MURRAY,84107,"5131 COTTONWOOD ST # L-2
MURRAY, UT 84107
(40.659748, -111.893916)",1316174683,Medical,2014,FALSE,,,,,,,
UTAH CANCER SPECIALISTS PC,,,,12,15,80,,,,SALT LAKE CITY,84124,"1121 E 3900 S
SALT LAKE CITY, UT 84124
(40.687059, -111.858919)",1619925369,Medical,2014,FALSE,,,,,,,
COTTONTREE FAMILY PRACTICE,,,,49,53,92.45,30,38,78.95,PROVO,84604,"2230 N UNIVERSITY PKWY
PROVO, UT 84604
(40.262068, -111.666046)",1407036189,Medical,2014,FALSE,,,,,,,
U-U HUMAN DEVELOPMENT DIVISION,,,,7,7,100,,,,SALT LAKE CITY,84132,"50 N MEDICAL DR
SALT LAKE CITY, UT 84132
(40.772984, -111.83672)",1881627016,Medical,2014,FALSE,,,,,,,
IHC HEALTH SERVICES INC,LAYTON KIDSCARE,,,1,1,100,,,,LAYTON,84041,"2075 N 1200 W
LAYTON, UT 84041
(41.090124, -111.987769)",1386779312,Medical,2014,TRUE,1,44,FALSE,,,,
CENTERVILLE MEDICAL CENTER,MAPLEWOOD MEDICAL,,,3,3,100,,,,WEST JORDAN,84084,"6783 S REDWOOD RD
WEST JORDAN, UT 84084
(40.628262, -111.938783)",1205187325,Medical,2014,FALSE,,,,,,,
"BRIGHAM MEDICAL CLINIC, INC.",,,,97,109,88.99,12,48,25,BRIGHAM CITY,84302,"600 W HOSPITAL RD
BRIGHAM CITY, UT 84302
(41.490645, -112.025174)",1922119528,Medical,2014,FALSE,,,,,,,
"IHC HEALTH SERVICES, INC",NORTH OGDEN CLINIC,,,56,61,91.8,9,17,52.94,OGDEN,84414,"2400 N WASHINGTON BLVD
OGDEN, UT 84414
(41.300927, -111.968793)",1548202096,Medical,2014,TRUE,1,49,TRUE,,,,
CENTRAL VALLEY MEDICAL CENTER,NEPHI MEDICAL CLINIC,,,52,64,81.25,9,19,47.37,NEPHI,84648,"48 W 1500 N
NEPHI, UT 84648
(39.730587, -111.837215)",1992724975,Medical,2014,FALSE,,,,,,,
UNIVERSITY OF UTAH VASCULAR SURGEONS,,,,4,6,66.67,,,,SALT LAKE CITY,84132,"50 N MEDICAL DR
SALT LAKE CITY, UT 84132
(40.772984, -111.83672)",1770537292,Medical,2014,FALSE,,,,,,,
"PIONEER COMPREHENSIVE MEDICAL, LC",,,,17,21,80.95,2,2,100,DRAPER,84020,"12433 FORT ST
DRAPER, UT 84020
(40.522614, -111.864433)",1891975595,Medical,2014,FALSE,,,,,,,
IHC HEALTH SERVICES INC,NORTHERN UTAH KIDSCARE,,,1,1,100,,,,OGDEN,84403,"4403 HARRISON BLVD
OGDEN, UT 84403
(41.182761, -111.949117)",1609906650,Medical,2014,TRUE,1,24,TRUE,,,,
UTAH NAVAJO HEALTH SYSTEM INCORPORATED,,,,37,39,94.87,12,18,66.67,MONTEZUMA CREEK,84534,"EAST HIGHWAY 262
MONTEZUMA CREEK, UT 84534",1811991151,Medical,2014,FALSE,,,,,,,
IHC HEALTH SERVICES INC,INTERMOUNTAIN REDROCK PEDIATRICS,,,3,3,100,,,,ST GEORGE,84790,"1380 E MEDICAL CENTER DR
ST GEORGE, UT 84790
(37.09985, -113.55333)",1922136126,Medical,2014,TRUE,1,25,FALSE,,,,
INTERNAL MED-MICU/DEPARTMENT OF UNIVERSITY OF UTAH,,,,8,10,80,,,,SALT LAKE CITY,84132,"50 N MEDICAL DR
SALT LAKE CITY, UT 84132
(40.772984, -111.83672)",1457670788,Medical,2014,FALSE,,,,,,,
PREMIER FAMILY MEDICAL,,,,43,45,95.56,4,7,57.14,LEHI,84043,"680 E MAIN ST
LEHI, UT 84043
(40.388149, -111.838946)",1568806545,Medical,2014,FALSE,,,,,,,
IHC HEALTH SERVICES INC,ROSE CANYON CLINIC,,,37,40,92.5,22,23,95.65,RIVERTON,84096,"5541 W 13400 S
RIVERTON, UT 84096
(40.507811, -112.022372)",1407116742,Medical,2014,TRUE,2,54,TRUE,,,,
OBHG UTAH LLC,,,,,,,0,1,0,SALT LAKE CITY,84124,"1200 E 3900 S
SALT LAKE CITY, UT 84124
(40.687062, -111.857446)",1457667727,Medical,2014,FALSE,,,,,,,
BASIN MEDICAL CLINIC LLC,,,,42,46,91.3,16,31,51.61,VERNAL,84078,"379 NORTH 500 WEST
VERNAL, UT 84078
(40.460752, -109.538162)",1396838918,Medical,2014,FALSE,,,,,,,
"IHC HEALTH SERVICES, INC.",AMERICAN FORK HOSPITAL PHYSICIAN GROUP,,,1,1,100,,,,AMERICAN FORK,84003,"170 N 1100 E
AMERICAN FORK, UT 84003
(40.380458, -111.769094)",1669420014,Medical,2014,TRUE,4,45,TRUE,,,,
CENTRAL UTAH CLINIC PC,REVERE HEALTH,,,1087,1203,90.36,100,278,35.97,PROVO,84604,"1055 N 500 W
PROVO, UT 84604
(40.248864, -111.667384)",1093764805,Medical,2014,FALSE,,,,,,,
LAKEVIEW HOSPITAL PHYSICIAN SERVICES LLC,LAKEVIEW OBGYN CLINIC,,,1,3,33.33,0,1,0,BOUNTIFUL,84010,"620 MEDICAL DR
BOUNTIFUL, UT 84010
(40.887001, -111.869043)",1932112448,Medical,2014,FALSE,,,,,,,
SALT LAKE CITY VAMC,OREM VA CLINIC,,,4,4,100,,,,OREM,84057,"1443 W 800 N
OREM, UT 84057
(40.311809, -111.730212)",1093753675,Medical,2014,FALSE,,,,,,,
SAN JUAN COUNTY HOSPITAL,BLANDING MEDICAL CLINIC,,,2,4,50,0,1,0,BLANDING,84511,"804 N 400 W
BLANDING, UT 84511
(37.636782, -109.484953)",1821045840,Medical,2014,FALSE,,,,,,,
PEDIATRIC INPATIENT SERVICES RIVERTON,,,,1,1,100,,,,RIVERTON,84065,"3741 W 126000 S
RIVERTON, UT 84065
(40.522238, -111.979725)",1851609564,Medical,2014,FALSE,,,,,,,
IHC HEALTH SERVICES INC,SYRACUSE CLINIC,,,7,7,100,12,16,75,SYRACUSE,84075,"745 SOUTH 2000 WEST
SYRACUSE, UT 84075
(41.103083, -112.064575)",1245471705,Medical,2014,TRUE,4,44,TRUE,,,,
GRANGER MEDICAL CLINIC INC,GRANGER MEDICAL WEST JORDAN,,,214,233,91.85,30,69,43.48,WEST JORDAN,84088,"3181 W 9000 SO
WEST JORDAN, UT 84088
(40.587747, -111.966191)",1104857549,Medical,2014,FALSE,,,,,,,
NEW HORIZON MEDICAL CARE INC,,,,18,20,90,0,1,0,RIVERTON,84065,"1273 W 12600 S
RIVERTON, UT 84065
(40.522253, -111.92809)",1912136862,Medical,2014,FALSE,,,,,,,
HIGHLAND MEDICAL PLLC,HIGHLAND FAMILY PRACTICE,,,45,46,97.83,0,2,0,SALT LAKE CITY,84124,"4460 HIGHLAND DR
SALT LAKE CITY, UT 84124
(40.675593, -111.842039)",1215010327,Medical,2014,FALSE,,,,,,,
"COPPERVIEW MEDICAL CENTER, LLC",,,,100,106,94.34,27,46,58.7,SOUTH JORDAN,84095,"3556 W 9800 S
SOUTH JORDAN, UT 84095
(40.573256, -111.976109)",1316970924,Medical,2014,FALSE,,,,,,,
IHC HEALTH SERVICES INC,INTERMOUNTAIN FILLMORE CLINIC,,,10,12,83.33,5,6,83.33,FILLMORE,84631,"700 S HIGHWAY 99
FILLMORE, UT 84631
(38.953351, -112.340507)",1023159381,Medical,2014,TRUE,1,58,FALSE,,,,
UNIVERSITY OF UTAH DEPARTMENT OF OB-GYN,,,,14,15,93.33,,,,SALT LAKE CITY,84132,"50 N MEDICAL DR
SALT LAKE CITY, UT 84132
(40.772984, -111.83672)",1265468524,Medical,2014,FALSE,,,,,,,
IHC HEALTH SERVICES INC,COTTONWOOD FAMILY PRACTICE,,,27,27,100,,,,SALT LAKE CITY,84121,"5872 S 900 E
SALT LAKE CITY, UT 84121
(40.642973, -111.865958)",1285769422,Medical,2014,TRUE,3,39,FALSE,,,,
MOUNTAINSTAR OGDEN PEDIATRICS LLC,,,,1,1,100,,,,OGDEN,84405,"5495 S 500 E
OGDEN, UT 84405
(41.163314, -111.968623)",1265694509,Medical,2014,FALSE,,,,,,,
UNIVERSITY OF UTAH EMERGENCY PHYSICIANS,,,,136,164,82.93,4,4,100,SALT LAKE CITY,84132,"50 N MEDICAL DR
SALT LAKE CITY, UT 84132
(40.772984, -111.83672)",1093769218,Medical,2014,FALSE,,,,,,,
IHC HEALTH SERVICES INC,AMERICAN FORK INTERNAL MEDICINE & DERMATOLOGY,,,81,88,92.05,,,,AMERICAN FORK,84003,"1159 E 200 N
AMERICAN FORK, UT 84003
(40.3814, -111.7691)",1225165418,Medical,2014,TRUE,3,59,TRUE,,,,
LAYTON FAMILY PRACTICE LLC,,,,74,78,94.87,1,17,5.88,LAYTON,84041,"124 S FAIRFIELD RD
LAYTON, UT 84041
(41.059409, -111.944157)",1538220306,Medical,2014,FALSE,,,,,,,
CARE MEDICAL LLC,,,,95,111,85.59,,,,SALT LAKE CITY,84124,"1200 E 3900 S
SALT LAKE CITY, UT 84124
(40.687062, -111.857446)",1861534307,Medical,2014,FALSE,,,,,,,
TANNER MEMORIAL CLINIC,,,,727,789,92.14,105,400,26.25,LAYTON,84041,"2121 N 1700 W
LAYTON, UT 84041
(41.090758, -111.9973)",1447239355,Medical,2014,FALSE,,,,,,,
IHC HEALTH SERVICES INC,SANDY CLINIC,,,43,46,93.48,7,9,77.78,SANDY,84094,"9500 S 1300 E
SANDY, UT 84094
(40.578679, -111.853215)",1164558847,Medical,2014,TRUE,3,26,FALSE,,,,
IHC HEALTH SERVICES INC,INTERMOUNTAIN MT. PLEASANT CLINIC,,,17,18,94.44,,,,MT PLEASANT,84647,"1100 S MEDICAL DR
MT PLEASANT, UT 84647
(39.531803, -111.461194)",1750425815,Medical,2014,TRUE,2,59,TRUE,,,,
IHC HEALTH SERVICE INC,INTERMOUNTAIN EPHRAIM CLINIC,,,75,92,81.52,3,5,60,EPHRAIM,84627,"525 N MAIN ST
EPHRAIM, UT 84627
(39.370958, -111.58703)",1013058395,Medical,2014,TRUE,1,20,FALSE,,,,
IHC HEALTH SERVICES INC,INTERMOUNTAIN SARATOGA SPRINGS FAMILY PRACTICE,,,23,27,85.19,8,9,88.89,SARATOGA SPRINGS,84043,"354 W STATE ROAD 73
SARATOGA SPRINGS, UT 84043
(40.388614, -111.924044)",1588794648,Medical,2014,TRUE,3,32,FALSE,,,,
ARUP PATHOLOGY ASSOCIATES,,,,3,3,100,,,,SALT LAKE CITY,84132,"50 N MEDICAL DR
SALT LAKE CITY, UT 84132
(40.772984, -111.83672)",1902905417,Medical,2014,FALSE,,,,,,,
AFTER HOURS MEDICAL LLC,MEDALLUS MEDICAL,,,118,133,88.72,48,146,32.88,DRAPER,84020,"1126 E 12300 S
DRAPER, UT 84020
(40.525308, -111.859022)",1437251279,Medical,2014,FALSE,,,,,,,
TIMPANOGOS EMERGENCY PHYSICIANS LLC,,,,22,25,88,0,1,0,OREM,84057,"750 W 800N
OREM, UT 84057
(40.312064, -111.714498)",1316971179,Medical,2014,FALSE,,,,,,,
GRANGER MEDICAL TOOELE,,,,6,7,85.71,,,,TOOELE,84074,"2356 N 400 E STE 201
TOOELE, UT 84074
(40.569314, -112.293618)",1073811733,Medical,2014,FALSE,,,,,,,
IHC HEALTH SERVICES INC,INTERMOUNTAIN CENTRAL OREM CLINIC,,,116,122,95.08,17,17,100,OREM,84057,"505 W 400 N
OREM, UT 84057
(40.304467, -111.707675)",1578699286,Medical,2014,TRUE,1,21,TRUE,,,,
UTAH VALLEY EMERGENCY PHYSICIANS INC,,,,113,125,90.4,1,1,100,PROVO,84604,"1034 NORTH 500 WEST
PROVO, UT 84604
(40.247781, -111.667382)",1649204553,Medical,2014,FALSE,,,,,,,
PEDIATRIC GASTROENTEROLOGY DEPARTMENT OF UNIVERSITY OF UTAH,,,,1,1,100,,,,SALT LAKE CITY,84113,"100 N MEDICAL DR
SALT LAKE CITY, UT 84113
(40.77154, -111.840463)",1609820232,Medical,2014,FALSE,,,,,,,
IHC HEALTH SERVICES INC,HEBER VALLEY CLINIC,,,42,49,85.71,1,3,33.33,HEBER CITY,84032,"1473 S HIGHWAY 40
HEBER CITY, UT 84032
(40.489482, -111.409675)",1063616282,Medical,2014,TRUE,5,28,TRUE,,,,
SALT LAKE CITY VAMC,WEST VALLEY CITY VA CLINIC,,,5,7,71.43,,,,WEST VALLEY CITY,84120,"2750 S 5600 W
WEST VALLEY CITY, UT 84120
(40.709768, -112.024882)",1619113115,Medical,2014,FALSE,,,,,,,
"IHC HEALTH SERVICES, INC",MEMORIAL CLINIC,,,74,77,96.1,8,8,100,SALT LAKE CITY,84105,"2000 S 900 E
SALT LAKE CITY, UT 84105
(40.727016, -111.865345)",1508904947,Medical,2014,TRUE,1,33,FALSE,,,,
SAN JUAN COUNTY HOSPITAL,SAN JUAN HEALTH SERVICES DISTRICT,,,9,12,75,,,,MONTICELLO,84535,"380 WEST 100 NORTH
MONTICELLO, UT 84535
(37.87388, -109.349571)",1942251459,Medical,2014,FALSE,,,,,,,
IHC HEALTH SERVICES INC,INTERMOUNTAIN RIVER ROAD INTERNAL MEDICINE,,,30,35,85.71,,,,ST GEORGE,84790,"577 S RIVER RD
ST GEORGE, UT 84790
(37.097053, -113.557159)",1467582429,Medical,2014,TRUE,1,36,TRUE,,,,
IHC HEALTH SERVICES INC,MCKAY DEE INTERNAL MEDICINE,,,47,47,100,2,3,66.67,OGDEN,84403,"4403 HARRISON BLVD
OGDEN, UT 84403
(41.182761, -111.949117)",1215067277,Medical,2014,TRUE,3,48,FALSE,,,,
IHC HEALTH SERVICES INC,NORTH TEMPLE URGENT CARE CLINIC,,,4,4,100,3,12,25,SALT LAKE CITY,84116,"54 N 800 W
SALT LAKE CITY, UT 84116
(40.770761, -111.913847)",1194084996,Medical,2014,TRUE,3,32,TRUE,,,,
DEPARTMENT OF PEDIATRICS UNIVERSITY OF UTAH,,,,1,1,100,,,,SALT LAKE CITY,84113,"100 N MEDICAL DR
SALT LAKE CITY, UT 84113
(40.77154, -111.840463)",1679528715,Medical,2014,FALSE,,,,,,,
INTEGRATED WELLNESS UTAH FROGLEY HEALTH AND WELLNESS CENTE,INTEGRATED WELLNESS,,,2,3,66.67,,,,SOUTH JORDAN,84095,"10684 RIV FRNT PKWY
SOUTH JORDAN, UT 84095
(40.556401, -111.912616)",1629400429,Medical,2014,FALSE,,,,,,,
IHC HEALTH SERVICES INC,LAYTON CLINIC,,,99,101,98.02,1,2,50,LAYTON,84041,"2075 UNIVERSITY PARK BLVD
LAYTON, UT 84041
(41.090124, -111.987769)",1467597005,Medical,2014,TRUE,1,21,FALSE,,,,
PEDIATRIC EMERGENCY MEDICINE DEPARTMENT OF UNIVERSITY OF UTAH,,,,2,2,100,,,,SALT LAKE CITY,84113,"100 N MEDICAL DR
SALT LAKE CITY, UT 84113
(40.77154, -111.840463)",1275570665,Medical,2014,FALSE,,,,,,,
IHC HEALTH SERVICES INC,TOSH PHYSICIANS BILLING,,,2,3,66.67,,,,MURRAY,84107,"5770 S 250 E
MURRAY, UT 84107
(40.644882, -111.883677)",1689976532,Medical,2014,TRUE,3,30,TRUE,,,,
BEAR LAKE COMMUNITY HEALTH CENTER,CACHE VALLEY/CACHE VALLEY SOUTH/EVANSTON/COMMUNITY HEALTH CE,,,10,10,100,1,6,16.67,GARDEN CITY,84028,"325 W. LOGAN HWY
GARDEN CITY, UT 84028
(41.946745, -111.40198)",1689754475,Medical,2014,FALSE,,,,,,,
"MOUNTAIN SPRINGS FAMILY MEDICINE, PLLC",,,,27,30,90,2,2,100,SPANISH FORK,84660,"468 S MAIN ST
SPANISH FORK, UT 84660
(40.103481, -111.655173)",1578707352,Medical,2014,FALSE,,,,,,,
IHC HEALTH SERVICES INC,VALLEY VIEW PHYSICIANS BILLING,,,4,5,80,,,,CEDAR CITY,84721,"1303 N MAIN ST
CEDAR CITY, UT 84721
(37.697475, -113.063533)",1659685980,Medical,2014,TRUE,5,50,FALSE,,,,
CEDAR RIDGE FAMILY MEDICINE,,,,31,36,86.11,2,7,28.57,CEDAR CITY,84720,"110 WEST 1325 NORTH
CEDAR CITY, UT 84720
(37.701065, -113.06408)",1740260504,Medical,2014,FALSE,,,,,,,
IHC HEALTH SERVICES INC,SOUTH OGDEN CLINIC,,,40,46,86.96,1,4,25,SOUTH OGDEN,84403,"975 CHAMBERS ST
SOUTH OGDEN, UT 84403
(41.164839, -111.953138)",1922143643,Medical,2014,TRUE,5,28,FALSE,,,,
"ASHLEY VALLEY PHYSICIAN PRACTICE, LLC",ASHLEY REGIONAL INTERNAL MEDICINE,,,5,5,100,,,,VERNAL,84078,"150 W 100 N
VERNAL, UT 84078
(40.457127, -109.531374)",1952631400,Medical,2014,FALSE,,,,,,,